FileName,MSF,MSF,MSF,MSF
,mean,count,std,sem
hw_sample_0.csv,0.04903439512937933,16,0.02340955113016076,0.00585238778254019
hw_sample_1.csv,0.07582094449801104,27,0.046313102224428075,0.008912960678760068
hw_sample_2.csv,0.09229491658836415,25,0.053441601480179575,0.010688320296035916
